Class.Attribute	Code	Level	Text
AddressRules.ELADD_MUST_HAVE_SCHEME	AddressRules.ELADD_MUST_HAVE_SCHEME	ERROR	The value of each URI element in ElectronicAddress element must have a scheme.
AddressRules.ELADD_MAILTO_OR_HTTP	AddressRules.ELADD_MAILTO_OR_HTTP	ERROR	The scheme of the value of each URI element in ElectronicAddress element must be either "mailto" or one of ("http" or "https").
AddressRules.ELADD_ONE_MAILTO_ONE_HTTP	AddressRules.ELADD_ONE_MAILTO_ONE_HTTP	ERROR	Within the element ElectronicAddress there must be at least one URI whose scheme is "mailto" and at least one whose scheme is either "http" or "https".
AddressRules.ELADD_ONE_MAILTO_LANG_EN	AddressRules.ELADD_ONE_MAILTO_LANG_EN	ERROR	Within the element ElectronicAddress there must be at least one URI whose scheme is "mailto" and whose xml:lang attribute value is "en".
AddressRules.ELADD_ONE_MAILTO_LANG_EN_LOWERCASE	AddressRules.ELADD_ONE_MAILTO_LANG_EN_LOWERCASE	WARNING	Within the element ElectronicAddress there should be at least one URI whose scheme is "mailto" and whose xml:lang attribute value is "en" in lower cases.
AddressRules.ELADD_ONE_HTTP_LANG_EN	AddressRules.ELADD_ONE_HTTP_LANG_EN	ERROR	Within the element ElectronicAddress there must be at least one URI whose scheme is either "http" or "https", and whose xml:lang attribute value is "en".
AddressRules.ELADD_ONE_HTTP_LANG_EN_LOWERCASE	AddressRules.ELADD_ONE_HTTP_LANG_EN_LOWERCASE	WARNING	Within the element ElectronicAddress there should be at least one URI whose scheme is either "http" or "https", and whose xml:lang attribute value is "en" in lower cases.
CommonRules.RUN_EXCEPTION	CommonRules.RUN_EXCEPTION	ERROR	Run exception trhown. Report to developer.
CommonRules.EXECUTION_ERROR	CommonRules.EXECUTION_ERROR	ERROR	Some error has been detected during execution. Report to developer.
CommonRules.CHILDREN_SCHEMA	CommonRules.CHILDREN_SCHEMA	ERROR	Cheking order and cardinality of children of $A1 aganist specification.
CommonRules.ATTRIBUTES_SCHEMA	CommonRules.ATTRIBUTES_SCHEMA	ERROR	Cheking attributes of $A1 aganist specification.
CommonRules.VALUE_IS_INTEGER	CommonRules.VALUE_IS_INTEGER	ERROR	Component $A1 MUST be an integer.
CommonRules.PARTIAL_PARSING_ERROR	CommonRules.PARTIAL_PARSING_ERROR	ERROR	There has been an error when trying to parse a purported $A1 component.
CommonRules.PARSING_ERROR	CommonRules.PARSING_ERROR	ERROR	There has been an error when trying to parse a $A1 in $A2.
CommonRules.ELEMENT_SHOULD_NOT_BE_PRESENT	CommonRules.ELEMENT_SHOULD_NOT_BE_PRESENT	ERROR	The component $A1 should not be present in $A2. The TLCC will not conduct any check on it.
CommonRules.NOT_RECOGNIZED_ELEMENT	CommonRules.NOT_RECOGNIZED_ELEMENT	WARNING	The component under check is unkown for the TLCC. The TLCC will not conduct any check on it.
CommonRules.EXT_SET_TO_NON_CRITICAL	CommonRules.EXT_SET_TO_NON_CRITICAL	ERROR	The extension $A1 of $A2 component MUST NOT BE set to be critical.
CommonRules.EXT_SET_TO_CRITICAL	CommonRules.EXT_SET_TO_CRITICAL	ERROR	The extension $A1 of $A2 component MUST BE set to be critical.
DigitalIdentityRules.DIGID_AS_EXPECTED	DigitalIdentityRules.DIGID_AS_EXPECTED	ERROR	The component $A1 must contain an $A2.
DigitalIdentityRules.PUB_KEY_IN_X509_CERT	DigitalIdentityRules.PUB_KEY_IN_X509_CERT	ERROR	The X509 certificate must contain a public key.
DigitalIdentityRules.ONE_PUB_KEY_IN_DIG_ID	DigitalIdentityRules.ONE_PUB_KEY_IN_DIG_ID	ERROR	The sequence of elements corresponding to one digital identity must correspond to the same public key.
DigitalIdentityRules.ONE_SUB_NAME_IN_DIG_ID	DigitalIdentityRules.ONE_SUB_NAME_IN_DIG_ID	ERROR	If there are several X509 certificates within one digital identity all of them must have the same Subject Name.
DigitalIdentityRules.X509_CERT_SN_HAS_O	DigitalIdentityRules.X509_CERT_SN_HAS_O	ERROR	Any X509 certificate within one digital identity component must have an attribute O within its SubjectName.
DigitalIdentityRules.X509_CERT_SN_O_EQUAL_TSPNAME	DigitalIdentityRules.X509_CERT_SN_O_EQUAL_TSPNAME	ERROR	Any X509 certificate within one digital identity component must have the attribute O within its SubjectName equal to the Trust Service Provider's name.
DigitalIdentityRules.X509_CERT_SN_O_EQUAL_TSPTRADENAME	DigitalIdentityRules.X509_CERT_SN_O_EQUAL_TSPTRADENAME	ERROR	Any X509 certificate within one digital identity component may have the attribute O within its SubjectName equal to the Trust Service Provider's Trade Name and this should be stated in the website pointed by the SchemeServiceDefinitionURI component.
DigitalIdentityRules.X509_CERT_SN_O_EQUAL_TSPNAME_IGNORE_CASE	DigitalIdentityRules.X509_CERT_SN_O_EQUAL_TSPNAME_IGNORE_CASE	WARNING	Any X509 certificate within one digital identity component has the attribute O within its SubjectName equal to the Trust Service Provider's name if the comparison is case insensitive.
DigitalIdentityRules.X509_CERT_SN_O_EQUAL_TSPTRADENAME_IGNORE_CASE	DigitalIdentityRules.X509_CERT_SN_O_EQUAL_TSPTRADENAME_IGNORE_CASE	WARNING	Any X509 certificate within one digital identity component has the attribute O within its SubjectName equal to the Trust Service Provider's Trade Name if the comparison is case insensitive.
DigitalIdentityRules.X509_CERT_SN_O_EQUAL_TSPNAME_OR_TSPTRADENAME	DigitalIdentityRules.X509_CERT_SN_O_EQUAL_TSPNAME_OR_TSPTRADENAME	ERROR	Any X509 certificate within one digital identity component must have the attribute O within its SubjectName equal either to the Trust Service Provider's Name or equal to the Trust Service Provider's Trade Name (in which case this should be stated in the website pointed by the SchemeServiceDefinitionURI component).
DigitalIdentityRules.SAME_CERT_NOT_IN_OTHER_SERVICE_EQUAL_TYPE	DigitalIdentityRules.SAME_CERT_NOT_IN_OTHER_SERVICE_EQUAL_TYPE	ERROR	The X509 certificate must not be present in the TL as the digital identity of another service of the same type.
DigitalIdentityRules.SAME_COMPLETE_DIGITALID_NOT_IN_OTHER_SERVICE	DigitalIdentityRules.SAME_COMPLETE_DIGITALID_NOT_IN_OTHER_SERVICE	ERROR	The Trusted List MUST NOT contain two equal complete digital identities. A complete digital identity is a tuple formed by: a public key, the type of service owning the public key, and the combination of the following asie extensions: forESignature, forESeal, forWebAuthentication.
DigitalIdentityRules.SKI_IN_CERTIFICATE_GOOD	DigitalIdentityRules.SKI_IN_CERTIFICATE_GOOD	ERROR	 The contents of the SubjectKeyIdentifier extension in any X509 certificate within the digital identity have to be correct.
DigitalIdentityRules.SKI_EQUAL_SKI_IN_CERTIFICATE	DigitalIdentityRules.SKI_EQUAL_SKI_IN_CERTIFICATE	ERROR	The content of the X509SKI component must be equal to the SubjectKeyIdentifier present in any X509 certificate within the digital identity.
DigitalIdentityRules.SKI_EQUAL_SKI_COMPUTED_FOR_CERTIFICATE	DigitalIdentityRules.SKI_EQUAL_SKI_COMPUTED_FOR_CERTIFICATE	WARNING	The content of the X509SKI component should be equal to the SubjectKeyIdentifier computed on this X509 certificate if it does not have this extension, using the two methods specified in the RFC 5280 clause 4.2.1.2.
DigitalIdentityRules.X509SUBJECTNAME_SPACENEXTTO_EQUAL	DigitalIdentityRules.X509SUBJECTNAME_SPACENEXTTO_EQUAL	WARNING	The string representation of a subject name should not include white spaces next to '=' characters, according to RFC 4514.
DigitalIdentityRules.X509SUBJECTNAME_AS_IN_OTHER_X509CERTS	DigitalIdentityRules.X509SUBJECTNAME_AS_IN_OTHER_X509CERTS	ERROR	Any X509SubjectName element shall contain a value equal to the SubjectName of a certificate present in the ServiceDigitalIdentity parent component.
DigitalIdentityRules.X509SUBJECTNAME_DIFFERENT_FROM_OTHER_X509CERTS	DigitalIdentityRules.X509SUBJECTNAME_DIFFERENT_FROM_OTHER_X509CERTS	WARNING	Any X509SubjectName element shall contain a value equal to the subject name of a certificate present in the ServiceDigitalIdentity parent element.A new SubjectName has been found within a X509SubjectName in the Service Digital Identity, different from other(s) found so far. However this may be due to the fact that the conversion of DNs to String is not canonical. Users are kindly asked to review the X509SubjectName and certificate according to the details given here.
DigitalIdentityRules.NO_X059CERTIFICATE_IN_HISTORICAL	DigitalIdentityRules.NO_X059CERTIFICATE_IN_HISTORICAL	ERROR	The X509Certificate component must not appear in the historical section of a service.
DigitalIdentityRules.DSKEYVALUE_HASPUBLICKEY	DigitalIdentityRules.DSKEYVALUE_HASPUBLICKEY	ERROR	The ds:KeyValue must contain the value of a public key.
DigitalIdentityRules.ONE_X509_CERT_EXPIRED_GRANT_OR_REC_NAT_LEVEL	DigitalIdentityRules.ONE_X509_CERT_EXPIRED_GRANT_OR_REC_NAT_LEVEL	INFO	This X509 certificate is expired and does appear within one digital identity component present in a section of a service whose status is  granted or recognised at national level.
DigitalIdentityRules.ALL_X509_CERTS_EXPIRED_GRANT_OR_REC_NAT_LEVEL	DigitalIdentityRules.ALL_X509_CERTS_EXPIRED_GRANT_OR_REC_NAT_LEVEL	INFO	Please note that all X509 certificates found in the digital identity component are expired while the status of the service is $A1. It is advised to check whether a new certificate should be added or the service status changed.
IntegrableTLCCRules.INDEX_OUT_OF_BOUNDS	IntegrableTLCCRules.INDEX_OUT_OF_BOUNDS	ERROR	Index for $A1 is out of range. There are not so many $A2 in the TL.
LangAttributedRules.LANG_ATTR_ONE_OF_ALLOWED	LangAttributedRules.LANG_ATTR_ONE_OF_ALLOWED	ERROR	The value of the xml:lang attribute of $A1 is one of the values for European languages specified in IETF RFC 5646 and in clause E.1 of ETSI TS 119 612.
LangAttributedRules.LANG_ATTR_SHOULD_LOWER_CASE	LangAttributedRules.LANG_ATTR_SHOULD_LOWER_CASE	WARNING	The value of the xml:lang attribute of $A1 should be one of the values for European languages in lower letters.
LangAttributedRules.LANG_ATTR_ONE_SHALL_BE_EN	LangAttributedRules.LANG_ATTR_ONE_SHALL_BE_EN	ERROR	The value of the xml:lang attribute of one of the $A1 elements shall be 'en'.
LangAttributedRules.LANG_ATTR_SHOULD_EN_LOWER_CASE	LangAttributedRules.LANG_ATTR_SHOULD_EN_LOWER_CASE	WARNING	The value of the xml:lang attribute of one of the $A1 elements should be 'en' (in lower letters).
SchemeInformationRules.TSL_TAG	SchemeInformationRules.TSL_TAG	ERROR	TSLtag MUST be http://uri.etsi.org/19612/TSLTag
SchemeInformationRules.SCHI_VI_VALUE_AS_SPEC	SchemeInformationRules.SCHI_VI_VALUE_AS_SPEC	ERROR	TSLVersionIdentifier MUST be 5.
SchemeInformationRules.SCHI_SEQNUM_EQ_GREATER_THAN_1	SchemeInformationRules.SCHI_SEQNUM_EQ_GREATER_THAN_1	ERROR	Component TSLSequenceNumber MUST be equal or greater than 1.
SchemeInformationRules.SCHI_EN_SCHNAME_AS_SPECIFIED	SchemeInformationRules.SCHI_EN_SCHNAME_AS_SPECIFIED	ERROR	The English SchemeName value for an EUMS TL or for the EC List of Trusted Lists MUST be as specified in COMMISSION IMPLEMENTING DECISION (EU) 2015/1505.
SchemeInformationRules.TS_SCHI_SCHT_ONE_OF_EUMS_CCODES	SchemeInformationRules.TS_SCHI_SCHT_ONE_OF_EUMS_CCODES	ERROR	For an EUMS Trusted List the SchemeTerritory value MUST be the country code of one of the EU member States.
SchemeInformationRules.TS_SCHI_SCHT_EU_FOR_ECLOL	SchemeInformationRules.TS_SCHI_SCHT_EU_FOR_ECLOL	ERROR	For the EC List of Trusted Lists the SchemeTerritory value MUST be "EU".
SchemeInformationRules.TS_SCHI_SCHT_OTHER_FOR_NEUMS_NECLOL	SchemeInformationRules.TS_SCHI_SCHT_OTHER_FOR_NEUMS_NECLOL	ERROR	For a list that is neither the EC List of Trusted Lists or one of the EUMS Trusted Lists, the SchemeTerritory value MUST NOT be neither "EU" nor none of the codes of the EUMS.
SchemeInformationRules.TS_SCHI_NEXTUP_LISTISSUE	SchemeInformationRules.TS_SCHI_NEXTUP_LISTISSUE	ERROR	The difference between NextUpdate and List Issue Date and Time MUST not exceed 6 months
SchemeInformationRules.TS_SCHI_SCHN_TWO_FIRTST_CHARACTERS_EQUAL_TO_SCHT	SchemeInformationRules.TS_SCHI_SCHN_TWO_FIRTST_CHARACTERS_EQUAL_TO_SCHT	ERROR	The two first characters of $A1 of $A2 MUST be equal to the code in $A3 element
SchemeInformationRules.TS_SCHI_SCHN_TWO_FIRTST_CHARACTERS_EQUAL_TO_SCHT_LOWERCASE	SchemeInformationRules.TS_SCHI_SCHN_TWO_FIRTST_CHARACTERS_EQUAL_TO_SCHT_LOWERCASE	WARNING	The two first characters of $A1 of $A2 MUST be equal to the code in $A3 element. They are if case is ignored
SchemeInformationRules.TS_SCHI_SCHN_SECOND_PART_VALUE_AS_SPECIFIED	SchemeInformationRules.TS_SCHI_SCHN_SECOND_PART_VALUE_AS_SPECIFIED	ERROR	The second part of the English $A1 child of $A2 MUST be as specified in CID 2015/1505
SchemeInformationRules.TS_SCHI_SCHN_TWO_FIRTST_CHARACTERS_NOT_FROM_EU	SchemeInformationRules.TS_SCHI_SCHN_TWO_FIRTST_CHARACTERS_NOT_FROM_EU	ERROR	The two first characters of $A1 of $A2 MUST be equal to the code in $A3 element. The TSLType indicates that the TL is neither an EUMS TL nor the EC list of Trusted Lists
SchemeInformationRules.TS_SCHI_SCHN_TWO_FIRTST_CHARACTERS_NOT_FROM_EU_LOWERCASE	SchemeInformationRules.TS_SCHI_SCHN_TWO_FIRTST_CHARACTERS_NOT_FROM_EU_LOWERCASE	WARNING	The two first characters of $A1 of $A2 MUST be equal to the code in $A3 element. The TSLType indicates that the TL is neither an EUMS TL nor the EC list of Trusted Lists
SchemeInformationRules.TS_SCHI_SCHN_SECOND_PART_VALUE_NOT_FROM_EU	SchemeInformationRules.TS_SCHI_SCHN_SECOND_PART_VALUE_NOT_FROM_EU	ERROR	The second part of the English $A1 child of $A2 MUST NOT be as specified in CID 2015/1505
SchemeInformationRules.TS_SCHI_SCHN_SECOND_PART_VALUE_NOT_FROM_EU_WARNING	SchemeInformationRules.TS_SCHI_SCHN_SECOND_PART_VALUE_NOT_FROM_EU_WARNING	WARNING	The second part of the English $A1 child of $A2 MUST NOT be as specified in CID 2015/1505
SchemeInformationRules.SCHI_STCR_EUMS_COMMON_URI_PRESENT	SchemeInformationRules.SCHI_STCR_EUMS_COMMON_URI_PRESENT	ERROR	 For an EUMS TL the SchemeTypeCommunityRules must contain one URI child whose value is "http://uri.etsi.org/TrstSvc/TrustedList/schemerules/EUcommon".
SchemeInformationRules.SCHI_STCR_EUMS_CC_URI_PRESENT	SchemeInformationRules.SCHI_STCR_EUMS_CC_URI_PRESENT	ERROR	 For an EUMS TL the SchemeTypeCommunityRules must contain the URI "http://uri.etsi.org/TrstSvc/TrustedList/schemerules/CC" where CC is the territory indicated within the SchemeTerritory component.
SchemeInformationRules.SCHI_STCR_URIS_FOR_EUMS	SchemeInformationRules.SCHI_STCR_URIS_FOR_EUMS	ERROR	 For an EUMS TL there MUST be 2 URIs at least, in SchemeTypeCommunityRules, namely: "http://uri.etsi.org/TrstSvc/TrustedList/schemerules/EUcommon" and "http://uri.etsi.org/TrstSvc/TrustedList/schemerules/"
SchemeInformationRules.SCHI_STCR_URI_FOR_EUMS_CC	SchemeInformationRules.SCHI_STCR_URI_FOR_EUMS_CC	ERROR	 For an EUMS TL the other legal URI value, apart from the common one, may be either "http://uri.etsi.org/TrstSvc/TrustedList/schemerules/CC" (where CC is the value of SchemeTerritory component) or any URI descendant from this value.
SchemeInformationRules.SCHI_STCR_URI_EUMS_VAL_EN	SchemeInformationRules.SCHI_STCR_URI_EUMS_VAL_EN	ERROR	 In an EUMS TL the multilingual element corresponding to the common URI reference "http://uri.etsi.org/TrstSvc/TrustedList/schemerules/EUcommon" MUST have its xml:lang attribute set to value "en".
SchemeInformationRules.SCHI_STCR_URI_ECLOL_VAL_EN	SchemeInformationRules.SCHI_STCR_URI_ECLOL_VAL_EN	ERROR	 In the EC List of Trusted Lists the multilingual element corresponding to the URI reference "http://uri.etsi.org/TrstSvc/TrustedList/schemerules/EUlistofthelists" MUST have its xml:lang attribute set to value "en".
SchemeInformationRules.SCHI_STCR_URI_EUMS_VAL_EN_LOWERCASE	SchemeInformationRules.SCHI_STCR_URI_EUMS_VAL_EN_LOWERCASE	WAR	 In an EUMS TL the multilingual element corresponding to the common URI reference value SHOULD have its xml:lang attribute set to value "en" in lower cases.
SchemeInformationRules.SCHI_STCR_URI_ECLOL_VAL_EN_LOWERCASE	SchemeInformationRules.SCHI_STCR_URI_ECLOL_VAL_EN_LOWERCASE	WAR	 In the EC List of Trusted Lists the multilingual element corresponding to the URI reference "http://uri.etsi.org/TrstSvc/TrustedList/schemerules/EUlistofthelists" SHOULD have its xml:lang attribute set to value "en" in lower cases.
SchemeInformationRules.SCHI_LEGAL_NOTICE_MAND_VAL_EUMS	SchemeInformationRules.SCHI_LEGAL_NOTICE_MAND_VAL_EUMS	ERROR	The "TSLLegalNotice" component's value is the mandatory value for an EUMS List as specified in the Official Journal of the European Union.
SchemeInformationRules.SCHI_LEGAL_NOTICE_MAND_VAL_EN_LANG	SchemeInformationRules.SCHI_LEGAL_NOTICE_MAND_VAL_EN_LANG	ERROR	The "TSLLegalNotice" component whose value is the mandatory value for this type of list as specified in the Official Journal of the European Union, must have its xml:lang attribute set to "en".
SchemeInformationRules.SCHI_LEGAL_NOTICE_MAND_VAL_EN_LANG_LOW_CASE	SchemeInformationRules.SCHI_LEGAL_NOTICE_MAND_VAL_EN_LANG_LOW_CASE	WARNING	The "TSLLegalNotice" component whose value is the mandatory value for this type of list as specified in the Official Journal of the European Union, should have its xml:lang attribute set to "en" in lower cases.
SchemeInformationRules.SCHI_LEGAL_NOTICE_OTHERVAL_EUMS	SchemeInformationRules.SCHI_LEGAL_NOTICE_OTHERVAL_EUMS	ERROR	The "TSLLegalNotice" component's value is either the translation to the national language of the mandatory text, or the optional value for an EUMS List as specified in the Official Journal of the European Union.
SchemeInformationRules.SCHI_LEGAL_NOTICE_MAND_VAL_ECLOL	SchemeInformationRules.SCHI_LEGAL_NOTICE_MAND_VAL_ECLOL	ERROR	The value of one of the "TSLLegalNotice" components must be the mandatory value for the EC List of Trusted Lists.
SchemeInformationRules.SCHI_LEGAL_NOTICE_NONEUL	SchemeInformationRules.SCHI_LEGAL_NOTICE_NONEUL	ERROR	The "TSLLegalNotice" component's value for a non EU list is none of the values specified for EUMS nor the value specified for the EC LoL.
SchemeInformationRules.SCHI_TSLPOLICY_EUMSL_OR_ECLOL	SchemeInformationRules.SCHI_TSLPOLICY_EUMSL_OR_ECLOL	ERROR	The "TSLPolicy" component component MUST not be present neither in an EUMS list nor in the EC LoL.
SchemeInformationRules.SCHI_HISTPERIOD_VAL	SchemeInformationRules.SCHI_HISTPERIOD_VAL	ERROR	The "HistoricalInformationPeriod" component MUST have the value "65535".
SchemeInformationRules.EUMS_TL_PTRONE_POINTS_TO_ECLOL_XML	SchemeInformationRules.EUMS_TL_PTRONE_POINTS_TO_ECLOL_XML	ERROR	In an EUMS TL the OtherTSLPointer child points to the XML EC list of Trusted Lists.
SchemeInformationRules.EUMS_TL_PTR_TSLTYPE_IN_PTR_TO_ECLOL	SchemeInformationRules.EUMS_TL_PTR_TSLTYPE_IN_PTR_TO_ECLOL	ERROR	For an EUMS TL, within a pointer pointing to the XML EC LOTL the TSLType of AdditionalInformation in OtherPointerTSL MUST BE "http://uri.etsi.org/TrstSvc/TrustedList/TSLType/EUlistofthelists".
SchemeInformationRules.ECLOL_TL_PTR_TSLTYPE_IN_PTR_TO_ECLOL	SchemeInformationRules.ECLOL_TL_PTR_TSLTYPE_IN_PTR_TO_ECLOL	ERROR	For EC list of Trusted Lists the TSLType of AdditionalInformation in one of the pointers in OtherPointerTSL MUST BE "http://uri.etsi.org/TrstSvc/TrustedList/TSLType/EUlistofthelists".
SchemeInformationRules.ECLOL_TL_PTR_TSLTYPE_IN_PTR_TO_EUMS_TL	SchemeInformationRules.ECLOL_TL_PTR_TSLTYPE_IN_PTR_TO_EUMS_TL	ERROR	For EC list of Trusted Lists the TSLType of AdditionalInformation in all but one of the pointers in OtherPointerTSL MUST BE "http://uri.etsi.org/TrstSvc/TrustedList/TSLType/EUgeneric".
SchemeInformationRules.PTR_SCHTERR_IN_PTR_TO_ECLOL	SchemeInformationRules.PTR_SCHTERR_IN_PTR_TO_ECLOL	ERROR	The value of an SchemeTerritory child of AdditionalInformation child of one OtherPointerTSL pointing to the EC list of Trusted Lists MUST be "EU".
SchemeInformationRules.PTR_SCHTERR_IN_PTR_TO_EUMS_TL	SchemeInformationRules.PTR_SCHTERR_IN_PTR_TO_EUMS_TL	ERROR	The value of an SchemeTerritory child of AdditionalInformation child of one OtherPointerTSL pointing to an EUMS TL MUST be the country code of an EUMS
SchemeInformationRules.PTR_SCHTERR_IN_PTR_TO_ECLOL_LOWER_CASE	SchemeInformationRules.PTR_SCHTERR_IN_PTR_TO_ECLOL_LOWER_CASE	WARNING	The value of an SchemeTerritory child of AdditionalInformation child of one OtherPointerTSL pointing to the EC list of Trusted Lists SHOULD be "EU".
SchemeInformationRules.PTR_SCHTERR_IN_PTR_TO_EUMS_TL_LOWER_CASE	SchemeInformationRules.PTR_SCHTERR_IN_PTR_TO_EUMS_TL_LOWER_CASE	WARNING	The value of an SchemeTerritory child of AdditionalInformation child of one OtherPointerTSL pointing to a EUMS TL SHOULD be the country code of an EUMS in lower case.
SchemeInformationRules.EUMS_TL_PTR_EC_CERTIFICATE_IN_PTR_TO_ECLOL_XML	SchemeInformationRules.EUMS_TL_PTR_EC_CERTIFICATE_IN_PTR_TO_ECLOL_XML	ERROR	The certificate in the Pointer to the XML list of lists MUST be the signing certificate for that list as published by the EC.
SchemeInformationRules.EUMS_TL_PTR_ALL_EC_CERTIFICATES_IN_PTR_TO_ECLOL_XML	SchemeInformationRules.EUMS_TL_PTR_ALL_EC_CERTIFICATES_IN_PTR_TO_ECLOL_XML	ERROR	The Pointer to the XML list of lists MUST contain all the potential signing certificates for that list as published by the EC.
SchemeInformationRules.ECLOL_ONE_PTR_TO_ECLOL	SchemeInformationRules.ECLOL_ONE_PTR_TO_ECLOL	ERROR	For EC list of Trusted Lists there MUST BE one pointer pointing to the XML EC list of Trusted Lists itself.
SchemeInformationRules.ECLOL_ONE_PTR_TO_EACH_EUMS_TL	SchemeInformationRules.ECLOL_ONE_PTR_TO_EACH_EUMS_TL	ERROR	For EC list of Trusted Lists there MUST BE one pointer pointing to each EUMS TL.
ServiceInfoExtensionsRules.SVC_EXPCERT_REVINFO_SVC_TYPE	ServiceInfoExtensionsRules.SVC_EXPCERT_REVINFO_SVC_TYPE	ERROR	The ExpiredCertsRevocationInfo Extension MUST be applied to one of the following services: CA (PKC), CA (QC), NationalRootCA-QC, Certificate Status (OCSP and OCSP/QC), Certificate status (CRL and CRL/Q).
ServiceInfoExtensionsRules.SVC_QUALIFS_QUALIFIER_VALUE	ServiceInfoExtensionsRules.SVC_QUALIFS_QUALIFIER_VALUE	ERROR	The value of Qualifier element MUST be one of the set defined for this component.
ServiceInfoExtensionsRules.SVC_QUALIFICATION_CRITERIALIST_WITH_SOME_CRITERIA	ServiceInfoExtensionsRules.SVC_QUALIFICATION_CRITERIALIST_WITH_SOME_CRITERIA	ERROR	The CriteriaList component MUST contain some other child than Description (it MUST contain some criteria).
ServiceInfoExtensionsRules.SVC_QUALIFS_KEYUSAGEBIT_NAME_VALUE	ServiceInfoExtensionsRules.SVC_QUALIFS_KEYUSAGEBIT_NAME_VALUE	ERROR	The value of the name attribute of KeyUsageBit element MUST be one of the set defined by ETSI TS 119 612 v2.1.1.
ServiceInfoExtensionsRules.SVC_POLID_ID_URN_QUAL	ServiceInfoExtensionsRules.SVC_POLID_ID_URN_QUAL	ERROR	When Qualifier attribute has the value OIDAsURN then the value of the Identifier MUST be an URN as specified in IETF RFC 3061.
ServiceInfoExtensionsRules.SVC_TAKENOVER_URI_SCH_AUTH	ServiceInfoExtensionsRules.SVC_TAKENOVER_URI_SCH_AUTH	WARNING	The scheme and authority of the URI element in the TakenOverBy Extension SHOULD BE equal to the scheme and authority of one the following URIS: the URI within the ElectronicAddress of the taking over TSP, the TSPInformationURI of the taking over TSP, the URI within the ElectronicAddress of the Trusted List Scheme Operator, or the SchemeInformationURI of the Trusted List Scheme.
ServiceInfoExtensionsRules.SVC_TAKENOVER_SCHOPNAME	ServiceInfoExtensionsRules.SVC_TAKENOVER_SCHOPNAME	ERROR	The English part of SchemeOperatorName component of TakenOverBy extension MUST be equal to the English part of SchemeOperatorName in the SchemeInformation section of the Trusted List.
ServiceInfoExtensionsRules.SVC_TAKENOVER_SCHOPNAME_IGNORE_CASE	ServiceInfoExtensionsRules.SVC_TAKENOVER_SCHOPNAME_IGNORE_CASE	WARNING	The English part of SchemeOperatorName component of TakenOverBy extension SHOULD be equal to the English part of SchemeOperatorName in the SchemeInformation section of the Trusted List. Differences in cases of some letters have been found
ServiceInfoExtensionsRules.SVC_TAKENOVER_TSPNAME	ServiceInfoExtensionsRules.SVC_TAKENOVER_TSPNAME	ERROR	The English part of TSPName component of TakenOverBy extension MUST be equal to the English part of the TSPName of one of the TSPs listed in the Trusted List.
ServiceInfoExtensionsRules.SVC_TAKENOVER_TSPNAME_IGNORE_CASE	ServiceInfoExtensionsRules.SVC_TAKENOVER_TSPNAME_IGNORE_CASE	WARNING	The English part of TSPName component of TakenOverBy extension SHOULD be equal to the English part of the TSPName of one of the TSPs listed in the Trusted List. Differences in cases of some letters have been found
SignatureRules.SIG_NOAPACHE_FW	SignatureRules.SIG_NOAPACHE_FW	ERROR	The TL Conformance Checker has not been able to build up the Apache XML Signature element. It will not be possible to check which is the signing certificate and to conduct the cryptographic check of the digital signature value.
SignatureRules.SIG_REFURI	SignatureRules.SIG_REFURI	WARNING	One of the ds:Reference elements MUST have an URI set to a value referencing the TrustServiceStatusList that envelopes the signature.
SignatureRules.SIG_ONE_TRANSFORMS	SignatureRules.SIG_ONE_TRANSFORMS	WARNING	he ds:Reference element referencing the enveloping TrustServiceStatusList MUST contain only ONE ds:Transforms element.
SignatureRules.SIG_TRANSFORMS_TWO_CHILDREN	SignatureRules.SIG_TRANSFORMS_TWO_CHILDREN	WARNING	The ds:Transforms child of the ds:Reference element referencing the enveloping TrustServiceStatusList MUST contain TWO ds:Transform elements.
SignatureRules.SIG_TRANSFORM_1	SignatureRules.SIG_TRANSFORM_1	WARNING	The first ds:Transforms child of the ds:Reference element referencing the enveloping TrustServiceStatusList MUST have the Algorithm attribute set to: 'http://www.w3.org/2000/09/xmldsig#enveloped-signature'.
SignatureRules.SIG_TRANSFORM_2	SignatureRules.SIG_TRANSFORM_2	WARNING	The second ds:Transforms child of the ds:Reference element referencing the enveloping TrustServiceStatusList MUST have the Algorithm attribute set to: 'http://www.w3.org/2001/10/xml-exc-c14n'.
SignatureRules.SIG_CANON_ALG	SignatureRules.SIG_CANON_ALG	ERROR	The canonicalization MUST be set to: 'http://www.w3.org/2001/10/xml-exc-c14n'.
SignatureRules.SIG_KEYINFO_ONE_X509CERT	SignatureRules.SIG_KEYINFO_ONE_X509CERT	WARNING	The ds:KeyInfo MUST have only ONE X509Certificate component.
SignatureRules.SIG_KEYINFO_CONTAINS_SIGNINGCERT	SignatureRules.SIG_KEYINFO_CONTAINS_SIGNINGCERT	ERROR	The ds:KeyInfo MUST contain the signing certificate.
SignatureRules.SIG_CRYPTO_VERIFICATION_OK	SignatureRules.SIG_CRYPTO_VERIFICATION_OK	ERROR	The crytpographic verification of ds:SignatureValue with the public key within the signing certificate MUST succeed.
SignatureRules.SIG_SIGNING_CERT_PROTECTED	SignatureRules.SIG_SIGNING_CERT_PROTECTED	ERROR	The signing certificate MUST be protected by the signature.
SignatureRules.SIG_IS_XADES_BES_OR_EPES	SignatureRules.SIG_IS_XADES_BES_OR_EPES	ERROR	The TL signature MUST be either a XAdES-BES or a XAdES-EPES.
SignatureRules.SIG_SIGCERT_ISSUER	SignatureRules.SIG_SIGCERT_ISSUER	WARNING	The signing certificate shall be issued by one of the following entities: the TSLO itself, a TSP listed in the TL, or a TSP within the same community.
SignatureRules.SIG_SIGCERT_SN_ORG_SON	SignatureRules.SIG_SIGCERT_SN_ORG_SON	ERROR	The Organization attribute of the Subject field MUST match the valule of one of the values of SchemeOperatorName.
SignatureRules.SIG_SIGCERT_SN_CC_SCHT	SignatureRules.SIG_SIGCERT_SN_CC_SCHT	ERROR	The Country attribute of the Subject field MUST match the value of one of the values of SchemeTerritory.
SignatureRules.SIG_SIGCERT_KEYUS_VALUE	SignatureRules.SIG_SIGCERT_KEYUS_VALUE	ERROR	The signing certificate's KeyUsage extension shall have the value digitalSignature or nonRepudiation to the exclusion of any other KeyUsage value.
SignatureRules.SIG_SIGCERT_EXTKEYUS_VALUE	SignatureRules.SIG_SIGCERT_EXTKEYUS_VALUE	ERROR	The signing certificate's ExtendedKeyUsage extension should be present containing the value id-tsl-kp-tslSigning.
SignatureRules.SIG_SIGCERT_BASCONST_VALUE	SignatureRules.SIG_SIGCERT_BASCONST_VALUE	ERROR	The signing certificate's BasicConstraints extension shall indicate CA=false.
SignatureRules.SIG_SIGCERT_SKI_VALUE	SignatureRules.SIG_SIGCERT_SKI_VALUE	ERROR	The signing certificate shall contain the SubjectKeyIdentifier extension and its value shall be computed with one of the first 2 methods specified in clause 4.2.1.2 of IETF RFC 5280.
SignatureRules.SIG_SIGCERT_IN_ECLOL	SignatureRules.SIG_SIGCERT_IN_ECLOL	ERROR	The signing certificate of the TL shall be listed in the EC List of Lists.
SignatureRules.SIG_SIGCERT_NOT_EXPIRED	SignatureRules.SIG_SIGCERT_NOT_EXPIRED	ERROR	The signing certificate of the TL shall not be expired.
StringRules.NOT_EMPTY_STRING	StringRules.NOT_EMPTY_STRING	ERROR	Component $A1 must have a not empty string as value.
StringRules.STRING_LIST_NOTNULL_NOTEMPTY	StringRules.STRING_LIST_NOTNULL_NOTEMPTY	ERROR	The list of strings must be neither null nor empty.
StringTypesRules.NOT_EMPTY_STRING	StringTypesRules.NOT_EMPTY_STRING	ERROR	The value of $A1 must be a not empty string.
StringTypesRules.NOT_NULL_STRING	StringTypesRules.NOT_NULL_STRING	ERROR	The value of $A1 must be a non null string.
TSLRules.TSLTAG	TSLRules.TSLTAG	ERROR	TSLtag MUST be "http://uri.etsi.org/19612/TSLTag"
TSLRules.SIG_MUST_BE_PRESENT	TSLRules.SIG_MUST_BE_PRESENT	ERROR	 The TL MUST be signed.
TSPRules.TSP_TRN_VAT_PATTERN	TSPRules.TSP_TRN_VAT_PATTERN	ERROR	The value of one of the components of the Trade Name in English seems to match the pattern VATCC-X, where CC is the country code and X is the VAT number
TSPRules.TSP_TRN_NTR_PATTERN	TSPRules.TSP_TRN_NTR_PATTERN	ERROR	The value of one of the components of the Trade Name in English seems to match the pattern NTRCC-X, where CC is the country code and X is the VAT number
TSPRules.TSP_TRN_PAS_PATTERN	TSPRules.TSP_TRN_PAS_PATTERN	ERROR	The value of one of the components of the Trade Name in English seems to match the pattern PASCC-X, where CC is the country code and X is the VAT number
TSPRules.TSP_TRN_IDC_PATTERN	TSPRules.TSP_TRN_IDC_PATTERN	ERROR	The value of one of the components of the Trade Name in English seems to match the pattern IDCCC-X, where CC is the country code and X is the VAT number
TSPRules.TSP_TRN_PNO_PATTERN	TSPRules.TSP_TRN_PNO_PATTERN	ERROR	The value of one of the components of the Trade Name in English seems to match the pattern PNOCC-X, where CC is the country code and X is the VAT number
TSPRules.TSP_TRN_TIN_PATTERN	TSPRules.TSP_TRN_TIN_PATTERN	ERROR	The value of one of the components of the Trade Name in English seems to match the pattern TINCC-X, where CC is the country code and X is the VAT number
TSPRules.TSP_TRN_NONE_OF_PATTERNS	TSPRules.TSP_TRN_NONE_OF_PATTERNS	ERROR	None of the English components of the Trade Name seem to match neither the pattern NTRCC-X nor VATCC-X, nor PASCC-X, nor IDCCC-X, nor PNOCC-X, nor TINCC-X
TSPServiceRules.SVC_TYPE_IN_REG_910_2014	TSPServiceRules.SVC_TYPE_IN_REG_910_2014	ERROR	The value of ServiceTyeIdentifier in the service information section MUST be one of the starndardized values supporting EU Regulation 910/2014.
TSPServiceRules.SVC_TYPE_IN_DIR_1999_93_EC	TSPServiceRules.SVC_TYPE_IN_DIR_1999_93_EC	ERROR	When the StatusStartingTime in an historic instance is previous to the entry into force of the EU Regulation 910/2014, then the type of service in the service section MUST be one of the standardized values supporting EC Directive 1999/93/EC.
TSPServiceRules.SVC_STAT_IN_REG_910_2014	TSPServiceRules.SVC_STAT_IN_REG_910_2014	ERROR	The ServiceStatus value MUST be a valid value for the EU Regulation 910/2014 starting on 1st July 2016.
TSPServiceRules.SVC_STAT_VALID_FOR_TYPE	TSPServiceRules.SVC_STAT_VALID_FOR_TYPE	ERROR	The ServiceStatus value MUST be a valid value for the service type.
TSPServiceRules.SVC_SDEFURI_PRESENT_IF_TYPE_NATROOTCA_QC	TSPServiceRules.SVC_SDEFURI_PRESENT_IF_TYPE_NATROOTCA_QC	ERROR	If the ServiceTypeIdentifier value is "http://uri.etsi.org/TrstSvc/Svctype/NationalRootCA-QC" the TSPServiceDefinitionURI component MUST be present. 
TSPServiceRules.SVC_START_BEFORE_NOW	TSPServiceRules.SVC_START_BEFORE_NOW	ERROR	The StatusStartingTime may be a time respect the checking time. If it is later than the checking time, it is an announced status change.
TSPServiceRules.SVC_START_AFTER_PREVIOUS	TSPServiceRules.SVC_START_AFTER_PREVIOUS	ERROR	The StatusStartingTime MUST be greater than the time present in StatusStartingTime within the most recent ServiceHistoryInstance.
TSPServiceRules.SVC_ASIE_COHERENT_TO_TYPE	TSPServiceRules.SVC_ASIE_COHERENT_TO_TYPE	ERROR	The ServiceType value $A1 and AdditionalServiceInformation extension value(s) MUST be coherent.
TSPServiceRules.STAT_TRANSITION_TYPE_KNOWN	TSPServiceRules.STAT_TRANSITION_TYPE_KNOWN	ERROR	The transition between statues MUST be one of the following: from EUDir to EUDir, from EUDir to EUDir or from EUReg to EUReg.
TSPServiceRules.EUDIR_STAT_TRANSITION_CORRECT	TSPServiceRules.EUDIR_STAT_TRANSITION_CORRECT	ERROR	The transition between statues supporting EC Directive 1999/93 MUST be as specified in ETSI TS 119 612v1.2.1.
TSPServiceRules.EUREG_STAT_TRANSITION_CORRECT	TSPServiceRules.EUREG_STAT_TRANSITION_CORRECT	ERROR	The transition between statues supporting EU Regulation 910/2014 MUST be as specified in ETSI TS 119 612v2.1.1.
TSPServiceRules.EUREG_STARTING_TIME	TSPServiceRules.EUREG_STARTING_TIME	ERROR	The value of StartusStartingTime in the first service section corresponding to the entry into force of EU Regulation MUST be the string "2016-06-30T22:00:00Z".
TSPServiceRules.ANNEX_J_STAT_TRANSITION	TSPServiceRules.ANNEX_J_STAT_TRANSITION	ERROR	The transition of the status MUST be as specified in ETSI TS 119 612v2.1.1 Annex J.
TSPServiceRules.ANNEX_J_A_II	TSPServiceRules.ANNEX_J_A_II	ERROR	If the previously listed service is qualified by http://uri.etsi.org/TrstSvc/TrustedList/SvcInfoExt/RootCA-QC then this AdditionalServiceInformation component MUST be kept in the posterior service according to Annex J (a) (ii).
TSPServiceRules.ANNEX_J_A_IV_CORRECT_QUAL_MIGRATION	TSPServiceRules.ANNEX_J_A_IV_CORRECT_QUAL_MIGRATION	ERROR	If the previously listed service is qualified by one of the qualifiers identified in Annex J (a) (iv) then this qualifier MUST be migrated to the value specified in the aforementioned point.
TSPServiceRules.ANNEX_J_A_IV_NO_OLD_QUALS	TSPServiceRules.ANNEX_J_A_IV_NO_OLD_QUALS	ERROR	The migrated service MUST not contain qualifiers that according to Annex J (a) (iv) MUST migrate to different values.
URITypesRules.IS_URI	URITypesRules.IS_URI	ERROR	The value of component $A1 must be a valid URI.
URITypesRules.WEIRD_URI	URITypesRules.WEIRD_URI	WARNING	The value is a valid URI but likely weird.
URITypesRules.URI_STRING_NO_TRIMMED	URITypesRules.URI_STRING_NO_TRIMMED	WARNING	The string value of $A1 is a valid URI AFTER TRIMMING IT. No whitespaces should appear neither at the beginning nor at the end.
URITypesRules.URI_NOTNULL	URITypesRules.URI_NOTNULL	ERROR	The URI must not be null.
URITypesRules.URI_DEREFERENCING_SUCCESS	URITypesRules.URI_DEREFERENCING_SUCCESS	ERROR	The URI must reference to some document on the Web.
URITypesRules.URI_SSL_CONTEXT_BUILDING	URITypesRules.URI_SSL_CONTEXT_BUILDING	ERROR	The SSL context for connecting to a web server through https protocol has failed.
URITypesRules.NOT_EMPTY_URI	URITypesRules.NOT_EMPTY_URI	ERROR	The value of $A1 must be a non empty URI reference.
URITypesRules.URI_LIST_NOTNULL_NOTEMPTY	URITypesRules.URI_LIST_NOTNULL_NOTEMPTY	ERROR	The list of URIs must be neither null nor empty.
URITypesRules.URI_VAL_EUMSLIST	URITypesRules.URI_VAL_EUMSLIST	ERROR	For a EUMS List, the $A1 MUST be "$A2".
URITypesRules.URI_VAL_ECLOL	URITypesRules.URI_VAL_ECLOL	ERROR	For a EC List of Trusted Lists, the $A1 MUST be "$A2".
URITypesRules.URI_VAL_NEUMS_BUT_VALID	URITypesRules.URI_VAL_NEUMS_BUT_VALID	WARNING	A $A1's value set to "$A2" indicates that this is a list of a non EUMS.
URITypesRules.URI_VAL_NECLOL_BUT_VALID	URITypesRules.URI_VAL_NECLOL_BUT_VALID	WARNING	A $A1's value set to "$A2" indicates that this is a list of lists of an international organization different than EC.
URITypesRules.URI_VAL_NOT_REGISTERED	URITypesRules.URI_VAL_NOT_REGISTERED	WARNING	 The $A1 value is not registered in the ETSI Identified Organization Domain. It is not possible to asscertain whether it is a list of a non EUMS or a list of lists of an organization different than EC except for the entities involved in the community this list is part.
URITypesRules.URI_VAL_REGISTERED	URITypesRules.URI_VAL_REGISTERED	WARNING	 The $A1 value is registered in the ETSI Identified Organization Domain. ETSI's registry should indicate whether this value corresponds to a list of a non EUMS or a list of lists of an organization different than EC.
URITypesRules.URI_VAL_COHERENT_WITH_TSLTYPE	URITypesRules.URI_VAL_COHERENT_WITH_TSLTYPE	WARNING	 The $A1 value must be coherent with the value of the TSLType. The schema rules is unknown as it seems that the country/community is outside the European Union.
URITypesRules.URI_VAL_NOEUMS_NORECLOL	URITypesRules.URI_VAL_NOEUMS_NORECLOL	ERROR	 The $A1 value must not be neither a value corresponding to an EUMS Trusted List nor a value corresponding to the EC list of lists.
URITypesRules.URI_VAL_COHERENT_WITH_EUMS_LIST	URITypesRules.URI_VAL_COHERENT_WITH_EUMS_LIST	ERROR	The $A1 value must be the one corresponding to a EUMS Trusted List.
URITypesRules.URI_VAL_COHERENT_WITH_EC_LOL	URITypesRules.URI_VAL_COHERENT_WITH_EC_LOL	ERROR	The $A1 value must be the one corresponding to the EC List of Trusted Lists.
URITypesRules.URI_VAL_COHERENT_WITH_NEUMS_LIST	URITypesRules.URI_VAL_COHERENT_WITH_NEUMS_LIST	ERROR	The $A1 value must be the one corresponding to a non EUMS list.
URITypesRules.URI_VAL_COHERENT_WITH_NEC_LOL	URITypesRules.URI_VAL_COHERENT_WITH_NEC_LOL	ERROR	The $A1 value must be the one corresponding to an international organization different than EC.
URITypesRules.URI_VAL_COHERENT_WITH_UNKNOWN_TYPE	URITypesRules.URI_VAL_COHERENT_WITH_UNKNOWN_TYPE	ERROR	It is unknown whether the list is a non EUMS list or a non EC list of lists.
